Image URL,Description:,Country:,Weather:,Time of Day:,Season:,Activity:,Mood/Emotion:
https://images.unsplash.com/photo-1521327895744-46e309d005b4?q=80&w=1170&auto=format&fit=crop&ixlib=rb-4.1.0&ixid=M3wxMjA3fDB8MHxwaG90by1wYWdlfHx8fGVufDB8fHx8fA%3D%3D,"This image captures a beautiful sunset over the Raouche Rocks in Beirut, Lebanon. I chose this place because I’ve visited it before, and the golden light reflecting on the Mediterranean Sea makes it one of the most peaceful and memorable views I’ve experienced.",Lebanon,Cloudy ,Evening,Spring,Relaxing,Romance
https://images.unsplash.com/photo-1569399388591-15a984a90f66?q=80&w=1170&auto=format&fit=crop&ixlib=rb-4.1.0&ixid=M3wxMjA3fDB8MHxwaG90by1wYWdlfHx8fGVufDB8fHx8fA%3D%3D,"A dramatic silhouette of a mountain against a clear daytime sky, where the dark mountain ridge contrasts sharply with the bright sky. I chose this image because it captures the raw, powerful beauty of nature in a minimalistic way, and evokes a sense of peace and wonder.",Jordan ,Sunny,Evening,Summer,Relaxing,Romance
https://images.unsplash.com/photo-1538548537250-bbf3a59bc365?q=80&w=1170&auto=format&fit=crop&ixlib=rb-4.1.0&ixid=M3wxMjA3fDB8MHxwaG90by1wYWdlfHx8fGVufDB8fHx8fA%3D%3D,"This image shows the calm, bright-blue waters of the Dead Sea in Jericho, Palestine. I chose this place because I have visited it, and the unique landscapes creates a peaceful and unforgettable atmosphere. The scene captures the natural beauty and serenity that make the Dead Sea one of the most remarkable spots in the region.",Palestine,Sunny,Afternoon,Summer,Sightseeing,Nostalgia
https://plus.unsplash.com/premium_photo-1696420406361-6c37ab396779?q=80&w=687&auto=format&fit=crop&ixlib=rb-4.1.0&ixid=M3wxMjA3fDB8MHxwaG90by1wYWdlfHx8fGVufDB8fHx8fA%3D%3D,"A majestic mountain range in the fall, with peaks and slopes partially covered by low-hanging clouds. The autumn colors on the mountains and the drifting clouds create a dramatic yet serene landscape. I chose this image because it captures the beauty of fall in the mountains and evokes a sense of awe and peacefulness.",Italy,Cloudy,"Morning, ",Fall,Hiking,Romance
https://images.pexels.com/photos/33730294/pexels-photo-33730294.jpeg,"A captivating aerial view of the Alhambra Palace in Granada, showcasing its iconic red sandstone fortress walls, intricate Nasrid palaces with arabesque designs, lush terraced gardens of the Generalife, and the surrounding Sierra Nevada mountains under a clear blue sky. I chose this place because it's a masterpiece of Islamic architecture and history a UNESCO World Heritage site that blends Moorish elegance with stunning natural vistas, evoking centuries of royal splendor.",Spain ,Sunny,Afternoon,Fall,Sightseeing,Nostalgia
https://images.pexels.com/photos/27348423/pexels-photo-27348423.jpeg,"Camp Nou, the iconic home stadium of FC Barcelona, captured in July 2024.  lush green pitch under bright lights, and surrounding urban energy of Barcelona. I chose this place because it's the pulsating heart of Catalan football passion—where legends like Messi played, and now reborn as a state-of-the-art venue blending history with modern spectacle.",Spain ,Cloudy,Afternoon,Summer,Sightseeing,Excitement
https://images.pexels.com/photos/602607/pexels-photo-602607.png,Classic front view of the Taj Mahal with its white marble dome and minarets perfectly reflected in the long pool.,India,Cloudy,"Morning, ",Fall,Sightseeing,Nostalgia
https://images.pexels.com/photos/11042792/pexels-photo-11042792.jpeg,"A majestic winter view of the Moscow Kremlin from across the frozen Moskva River, with its red-brick walls, golden-domed cathedrals, and the iconic Spasskaya Tower glowing under a light snowfall.",Russia,Snowy,Evening,Winter ,Sightseeing,Nostalgia
https://images.pexels.com/photos/29239740/pexels-photo-29239740.jpeg,"Charles Bridge in Prague during golden autumn, with the historic statues and arches glowing under warm sunlight, colorful trees lining the Vltava River, and Prague Castle rising in the misty background. I chose this place because it’s one of the most beautiful and romantic city views in Europe pure fairy-tale magic in fall colors.",Czechia,Cloudy,Afternoon,Fall,Sightseeing,Nostalgia
https://images.pexels.com/photos/8869139/pexels-photo-8869139.jpeg,"A dramatic close-up of the monumental ""The Motherland Calls"" statue in Volgograd, her colossal concrete figure dramatically reaching skyward with a sword aloft, flowing robes billowing in the wind, set against a vivid blue sky and lush green hillside with a solitary visitor at her base. I chose this place because it's an awe-inspiring symbol of resilience and wartime heroism—a 52-meter-tall call to courage that stands as one of the world's most emotionally charged memorials.",Russia,Sunny,Afternoon,Summer,Sightseeing,Nostalgia